{"cameraMode":{"drawMode":0,"name":"Shaded","section":"Shading Mode"},"sceneLighting":false,"audioPlay":false,"sceneViewState":{"showFog":true,"showMaterialUpdate":false,"showSkybox":false,"showFlares":true,"showImageEffects":true,"showParticleSystems":true},"in2DMode":false,"pivot":{"x":2.384185791015625e-7,"y":1.0,"z":2.384185791015625e-7},"rotation":{"x":-0.32433825731277468,"y":-0.40285077691078188,"z":0.1552353948354721,"w":-0.8416807055473328},"size":2.9036102294921877,"orthographic":false}